structure	serotype	rfam	genome	genome_start	genome_end	ref_seq_id	start	end	length	base_pairs	Evalue
DENV1_SLA_ncbi	DENV1	RF02340	EU081230.1	1	71	EU081230.1	1	71	71	25	9.5e-23
DENV1_cHP_ncbi	DENV1	RF00617	EU081230.1	95	139	EU081230.1	95	139	45	8	1.8e-14
DENV1_DB1_ncbi	DENV1	RF00525	EU081230.1	10468	10539	EU081230.1	10468	10539	72	17	4.5e-19
DENV1_DB1_rnac	DENV1	RF00525	EU081230.1	10468	10539	URS00019FFBCB_11053	149	220	72	17	4.5e-19
DENV1_DB2_ncbi	DENV1	RF00525	EU081230.1	10552	10623	EU081230.1	10552	10623	72	19	1.9e-23
DENV1_DB2_rnac	DENV1	RF00525	EU081230.1	10552	10623	URS00019FFBCB_11053	233	304	72	19	1.9e-23
DENV1_3SL_ncbi	DENV1	RF00185	EU081230.1	10643	10735	EU081230.1	10643	10735	93	24	8.2e-21
DENV1_3SL_rnac	DENV1	RF00185	EU081230.1	10643	10735	URS00019FFBCB_11053	324	416	93	24	8.2e-21
DENV2_SLA_ncbi	DENV2	RF02340	EU081177.1	1	72	EU081177.1	1	72	72	26	3.1e-20
DENV2_5UTR_ncbi	DENV2	RF03546	EU081177.1	1	148	EU081177.1	1	148	148	44	2.8e-25
DENV2_cHP_ncbi	DENV2	RF00617	EU081177.1	97	141	EU081177.1	97	141	45	8	8.9e-16
DENV2_DB1_ncbi	DENV2	RF00525	EU081177.1	10454	10525	EU081177.1	10454	10525	72	17	5.3e-19
DENV2_DB1_rnac	DENV2	RF00525	EU081177.1	10454	10525	URS000287775D_11060	156	227	72	17	5.3e-19
DENV2_DB2_ncbi	DENV2	RF00525	EU081177.1	10541	10612	EU081177.1	10541	10612	72	19	6.9e-23
DENV2_DB2_rnac	DENV2	RF00525	EU081177.1	10541	10612	URS000287775D_11060	243	314	72	19	6.9e-23
DENV2_3SL_ncbi	DENV2	RF00185	EU081177.1	10631	10723	EU081177.1	10631	10723	93	24	1.7e-21
DENV2_3SL_rnac	DENV2	RF00185	EU081177.1	10631	10723	URS000287775D_11060	333	425	93	24	1.7e-21
DENV3_SLA_ncbi	DENV3	RF02340	EU081190.1	1	71	EU081190.1	1	71	71	25	8.9e-22
DENV3_cHP_ncbi	DENV3	RF00617	EU081190.1	95	139	EU081190.1	95	139	45	8	9.1e-15
DENV3_DB1_ncbi	DENV3	RF00525	EU081190.1	10441	10512	EU081190.1	10441	10512	72	17	3e-18
DENV3_DB1_rnac	DENV3	RF00525	EU081190.1	10441	10512	URS0003C2DF58_11069	152	223	72	17	3e-18
DENV3_DB2_ncbi	DENV3	RF00525	EU081190.1	10525	10597	EU081190.1	10525	10597	73	19	1.4e-18
DENV3_DB2_rnac	DENV3	RF00525	EU081190.1	10525	10597	URS0003C2DF58_11069	236	308	73	19	1.4e-18
DENV3_3SL_ncbi	DENV3	RF00185	EU081190.1	10615	10706	EU081190.1	10615	10706	92	23	7e-20
DENV3_3SL_rnac	DENV3	RF00185	EU081190.1	10615	10706	URS0003C2DF58_11069	326	417	92	23	7e-20
DENV4_SLA_ncbi	DENV4	RF02340	GQ398256.1	1	71	GQ398256.1	1	71	71	25	5.1e-23
DENV4_5UTR_ncbi	DENV4	RF03546	GQ398256.1	1	151	GQ398256.1	1	151	151	42	7.9e-20
DENV4_cHP_ncbi	DENV4	RF00617	GQ398256.1	103	144	GQ398256.1	103	144	42	8	2.2e-12
DENV4_DB1_ncbi	DENV4	RF00525	GQ398256.1	10379	10450	GQ398256.1	10379	10450	72	17	1.1e-17
DENV4_DB1_rnac	DENV4	RF00525	GQ398256.1	10379	10450	URS00025332D5_11070	85	156	72	17	1.1e-17
DENV4_DB2_ncbi	DENV4	RF00525	GQ398256.1	10471	10543	GQ398256.1	10471	10543	73	19	6.5e-22
DENV4_DB2_rnac	DENV4	RF00525	GQ398256.1	10471	10543	URS00025332D5_11070	177	249	73	19	6.5e-22
DENV4_3SL_ncbi	DENV4	RF00185	GQ398256.1	10561	10653	GQ398256.1	10561	10653	93	24	1.8e-18
DENV4_3SL_rnac	DENV4	RF00185	GQ398256.1	10561	10653	URS00025332D5_11070	267	359	93	24	1.8e-18
