# ref_seq_id	start	end	structure_id
EU081230.1	1	71	DENV1_SLA_ncbi
EU081230.1	95	139	DENV1_cHP_ncbi
EU081230.1	10468	10539	DENV1_DB1_ncbi
URS00019FFBCB_11053	149	220	DENV1_DB1_rnac
EU081230.1	10552	10623	DENV1_DB2_ncbi
URS00019FFBCB_11053	233	304	DENV1_DB2_rnac
EU081230.1	10643	10735	DENV1_3SL_ncbi
URS00019FFBCB_11053	324	416	DENV1_3SL_rnac
EU081177.1	1	72	DENV2_SLA_ncbi
EU081177.1	1	148	DENV2_5UTR_ncbi
EU081177.1	97	141	DENV2_cHP_ncbi
EU081177.1	10454	10525	DENV2_DB1_ncbi
URS000287775D_11060	156	227	DENV2_DB1_rnac
EU081177.1	10541	10612	DENV2_DB2_ncbi
URS000287775D_11060	243	314	DENV2_DB2_rnac
EU081177.1	10631	10723	DENV2_3SL_ncbi
URS000287775D_11060	333	425	DENV2_3SL_rnac
EU081190.1	1	71	DENV3_SLA_ncbi
EU081190.1	95	139	DENV3_cHP_ncbi
EU081190.1	10441	10512	DENV3_DB1_ncbi
URS0003C2DF58_11069	152	223	DENV3_DB1_rnac
EU081190.1	10525	10597	DENV3_DB2_ncbi
URS0003C2DF58_11069	236	308	DENV3_DB2_rnac
EU081190.1	10615	10706	DENV3_3SL_ncbi
URS0003C2DF58_11069	326	417	DENV3_3SL_rnac
GQ398256.1	1	71	DENV4_SLA_ncbi
GQ398256.1	1	151	DENV4_5UTR_ncbi
GQ398256.1	103	144	DENV4_cHP_ncbi
GQ398256.1	10379	10450	DENV4_DB1_ncbi
URS00025332D5_11070	85	156	DENV4_DB1_rnac
GQ398256.1	10471	10543	DENV4_DB2_ncbi
URS00025332D5_11070	177	249	DENV4_DB2_rnac
GQ398256.1	10561	10653	DENV4_3SL_ncbi
URS00025332D5_11070	267	359	DENV4_3SL_rnac
