structure	strain	rfam	genome	genome_start	genome_end	ref_seq_id	start	end	length	base_pairs	pk_pairs	Evalue
Leiden0002_5UTR_ncbi	Leiden0002	RF03117	MT510999.1	11	287	MT510999.1	11	287	277	37	0	1.3e-36
Leiden0002_5UTR_SL5_ncbi	Leiden0002	RF03117	MT510999.1	137	281	MT510999.1	137	281	145	16	0	1.3e-36
Leiden0002_5UTR_SL5_rnac	Leiden0002	RF03117	MT510999.1	137	281	URS0002915722_2697049	1	145	145	16	0	1.3e-36
Leiden0002_FSE_ncbi	Leiden0002	RF00507	MT510999.1	13456	13533	MT510999.1	13456	13533	78	20	5	1.8e-21
Leiden0002_FSE_rnac	Leiden0002	RF00507	MT510999.1	13456	13533	URS00021ED9B3_2697049	11	88	78	20	5	1.8e-21
Leiden0002_3UTR_ncbi	Leiden0002	RF03122	MT510999.1	29506	29857	MT510999.1	29506	29857	352	78	0	3.5e-49
Leiden0002_pk3_ncbi	Leiden0002	RF00165	MT510999.1	29590	29649	MT510999.1	29590	29649	60	9	6	7.3e-13
Leiden0002_s2m_ncbi	Leiden0002	RF00164	MT510999.1	29714	29756	MT510999.1	29714	29756	43	12	0	2.5e-14
USAWA1_5UTR_ncbi	USAWA1	RF03117	MT576563.1	11	287	MT576563.1	11	287	277	37	0	8.5e-38
USAWA1_5UTR_SL5_ncbi	USAWA1	RF03117	MT576563.1	137	281	MT576563.1	137	281	145	16	0	8.5e-38
USAWA1_5UTR_SL5_rnac	USAWA1	RF03117	MT576563.1	137	281	URS0002915722_2697049	1	145	145	16	0	8.5e-38
USAWA1_FSE_ncbi	USAWA1	RF00507	MT576563.1	13456	13533	MT576563.1	13456	13533	78	20	5	1.8e-21
USAWA1_FSE_rnac	USAWA1	RF00507	MT576563.1	13456	13533	URS00021ED9B3_2697049	11	88	78	20	5	1.8e-21
USAWA1_3UTR_ncbi	USAWA1	RF03122	MT576563.1	29506	29850	MT576563.1	29506	29850	345	73	0	2.2e-42
USAWA1_pk3_ncbi	USAWA1	RF00165	MT576563.1	29590	29649	MT576563.1	29590	29649	60	9	6	7.2e-13
USAWA1_s2m_ncbi	USAWA1	RF00164	MT576563.1	29714	29756	MT576563.1	29714	29756	43	12	0	2.5e-14
WT_5UTR_ncbi	WT	RF03117	NC_045512.2	1	300	NC_045512.2	1	300	300	47	0	3.8e-45
WT_5UTR_SL5_ncbi	WT	RF03117	NC_045512.2	150	294	NC_045512.2	150	294	145	16	0	3.8e-45
WT_5UTR_SL5_rnac	WT	RF03117	NC_045512.2	150	294	URS0002915722_2697049	1	145	145	16	0	3.8e-45
WT_FSE_ncbi	WT	RF00507	NC_045512.2	13469	13546	NC_045512.2	13469	13546	78	20	5	1.8e-21
WT_FSE_rnac	WT	RF00507	NC_045512.2	13469	13546	URS00021ED9B3_2697049	11	88	78	20	5	1.8e-21
WT_3UTR_ncbi	WT	RF03122	NC_045512.2	29519	29870	NC_045512.2	29519	29870	352	78	0	3.5e-49
WT_pk3_ncbi	WT	RF00165	NC_045512.2	29603	29662	NC_045512.2	29603	29662	60	9	6	7.3e-13
WT_s2m_ncbi	WT	RF00164	NC_045512.2	29727	29769	NC_045512.2	29727	29769	43	12	0	2.5e-14
Alpha_5UTR_ncbi	Alpha	RF03117	EPI_ISL_754083	1	297	EPI_ISL_754083	1	297	297	47	0	4.2e-42
Alpha_5UTR_SL5_ncbi	Alpha	RF03117	EPI_ISL_754083	147	291	EPI_ISL_754083	147	291	145	16	0	4.2e-42
Alpha_5UTR_SL5_rnac	Alpha	RF03117	EPI_ISL_754083	147	291	URS0002915722_2697049	1	145	145	16	0	4.2e-42
Alpha_FSE_ncbi	Alpha	RF00507	EPI_ISL_754083	13457	13534	EPI_ISL_754083	13457	13534	78	20	5	1.8e-21
Alpha_FSE_rnac	Alpha	RF00507	EPI_ISL_754083	13457	13534	URS00021ED9B3_2697049	11	88	78	20	5	1.8e-21
Alpha_3UTR_ncbi	Alpha	RF03122	EPI_ISL_754083	29497	29848	EPI_ISL_754083	29497	29848	352	78	0	3.3e-44
Alpha_pk3_ncbi	Alpha	RF00165	EPI_ISL_754083	29581	29640	EPI_ISL_754083	29581	29640	60	9	6	7.3e-13
Alpha_s2m_ncbi	Alpha	RF00164	EPI_ISL_754083	29705	29747	EPI_ISL_754083	29705	29747	43	12	0	2.5e-14
Beta_5UTR_ncbi	Beta	RF03117	EPI_ISL_1173248	1	296	EPI_ISL_1173248	1	296	296	47	0	8.7e-41
Beta_FSE_ncbi	Beta	RF00507	EPI_ISL_1173248	13456	13533	EPI_ISL_1173248	13456	13533	78	20	5	1.8e-21
Beta_FSE_rnac	Beta	RF00507	EPI_ISL_1173248	13456	13533	URS00021ED9B3_2697049	11	88	78	20	5	1.8e-21
Beta_pk3_ncbi	Beta	RF00165	EPI_ISL_1173248	29581	29640	EPI_ISL_1173248	29581	29640	60	9	6	7.2e-13
Beta_s2m_ncbi	Beta	RF00164	EPI_ISL_1173248	29705	29747	EPI_ISL_1173248	29705	29747	43	12	0	2.5e-14
Delta_5UTR_ncbi	Delta	RF03117	EPI_ISL_2621925	13	289	EPI_ISL_2621925	13	289	277	37	0	1.7e-35
Delta_FSE_ncbi	Delta	RF00507	EPI_ISL_2621925	13458	13535	EPI_ISL_2621925	13458	13535	78	20	5	1.8e-21
Delta_FSE_rnac	Delta	RF00507	EPI_ISL_2621925	13458	13535	URS00021ED9B3_2697049	11	88	78	20	5	1.8e-21
Delta_3UTR_ncbi	Delta	RF03122	EPI_ISL_2621925	29489	29840	EPI_ISL_2621925	29489	29840	352	78	0	3.7e-49
Delta_pk3_ncbi	Delta	RF00165	EPI_ISL_2621925	29573	29632	EPI_ISL_2621925	29573	29632	60	9	6	7.2e-13
OmicronXBB_5UTR_ncbi	OmicronXBB	RF03117	EPI_ISL_14917728	1	300	EPI_ISL_14917728	1	300	300	47	0	1.7e-43
OmicronXBB_5UTR_SL5_ncbi	OmicronXBB	RF03117	EPI_ISL_14917728	150	294	EPI_ISL_14917728	150	294	145	16	0	1.7e-43
OmicronXBB_5UTR_SL5_rnac	OmicronXBB	RF03117	EPI_ISL_14917728	150	294	URS0002915722_2697049	1	145	145	16	0	1.7e-43
OmicronXBB_FSE_ncbi	OmicronXBB	RF00507	EPI_ISL_14917728	13460	13537	EPI_ISL_14917728	13460	13537	78	20	5	1.8e-21
OmicronXBB_FSE_rnac	OmicronXBB	RF00507	EPI_ISL_14917728	13460	13537	URS00021ED9B3_2697049	11	88	78	20	5	1.8e-21
OmicronXBB_3UTR_ncbi	OmicronXBB	RF03122	EPI_ISL_14917728	29489	29814	EPI_ISL_14917728	29489	29814	326	78	0	3.4e-48
OmicronXBB_pk3_ncbi	OmicronXBB	RF00165	EPI_ISL_14917728	29573	29632	EPI_ISL_14917728	29573	29632	60	9	6	7.2e-13
